/*
Eduardo Kiyoshi Kamikabeya     9778536
Henrique Pasquini Santos         8532252
*/
--Alimentacao inicial da base de dados
INSERT INTO REGIAO(NOME) VALUES('COPACABANA');
INSERT INTO REGIAO VALUES('DEODORO');
INSERT INTO REGIAO VALUES('MARACANA');
INSERT INTO REGIAO VALUES('BARRA');
INSERT INTO ATRACAO(NOME, ENDERECO) VALUES('Museu Casa do Pontal', 'Estr. do Pontal, 3295 - Recreio dos Bandeirantes');
INSERT INTO ATRACAO(NOME, ENDERECO) VALUES('Museu da CBF', 'Barra da Tijuca, Rio de Janeiro');
INSERT INTO ATRACAOREG(REGIAO, ATRACAO) VALUES('BARRA', 'Museu Casa do Pontal');
INSERT INTO ATRACAOREG(REGIAO, ATRACAO) VALUES('BARRA', 'Museu da CBF');
INSERT INTO HOTEL(CNPJ, NOME, RUA, NUMERO) VALUES('12.356.654/1999-23', 'Copacabana Palace', 'Av. Atlântica', 1702);
INSERT INTO HOTEL(CNPJ, NOME, RUA, NUMERO) VALUES('23.456.654/4325-77', 'Hotel Fasano', 'R. Vitorio Fasano', 88);
INSERT INTO DELEGACAO(PAIS, HOTEL) VALUES('BR', '12.356.654/1999-23');
INSERT INTO DELEGACAO(PAIS, HOTEL) VALUES('UK', '23.456.654/4325-77');
INSERT INTO VEICULO(PLACA, TIPO, CPF_MOTORISTA, NOME_MOTORISTA, DELEGACAO ) VALUES('ABC-1234', 'CARGA', '123.345.678-9', 'Pedro Moraes da Silva', 'BR');
INSERT INTO VEICULO(PLACA, TIPO, CPF_MOTORISTA, NOME_MOTORISTA, DELEGACAO ) VALUES('DEF-5678', 'PESSOAS', '456.127.321-1', 'Osmar Pereira Nunes', 'UK');
INSERT INTO VEICULO_PESSOAS(PLACA, N_LUGARES) VALUES('DEF-5678', 30);
INSERT INTO ADAPTACAO(PLACA, ADAPTACAO) VALUES('DEF-5678', 'Rampa dobravel');
INSERT INTO ADAPTACAO(PLACA, ADAPTACAO) VALUES('DEF-5678', 'Barra de apoio');
INSERT INTO VEICULO_CARGA(PLACA, CAPACIDADE) VALUES('ABC-1234', 500);
INSERT INTO MEMBRO(N_CARTAO, DELEGACAO, PASSAPORTE, SEXO, CPF, NOME, COR_CARTAO) VALUES(1245,'BR',NULL, 'M', '284.405.295-3', 'Osmose dos Santos', 'VERDE');
INSERT INTO MEMBRO(N_CARTAO, DELEGACAO, PASSAPORTE, SEXO, CPF, NOME, COR_CARTAO) VALUES(35764,'UK','UK123468', 'M', NULL, 'Bob Henry Worth', 'AMARELO');
INSERT INTO VEICULOMEMBRO(VEICULO, MEMBRO) VALUES ('DEF-5678', 1245);
INSERT INTO VEICULOMEMBRO(VEICULO, MEMBRO) VALUES ('DEF-5678', 35764);
INSERT INTO EQUIPAMENTO(ID, ATLETA, TIPO, QUANTIDADE, VOLUME, VEICULO) VALUES(1111, 1245, 'Cadeira de rodas', 1, 50, 'ABC-1234');
INSERT INTO EQUIPAMENTO(ID, ATLETA, TIPO, QUANTIDADE, VOLUME, VEICULO) VALUES(2222, 35764, 'Perna mecanica', 1, 20, 'ABC-1234');
INSERT INTO EQUIPAMENTO(ID, ATLETA, TIPO, QUANTIDADE, VOLUME, VEICULO) VALUES(3333,1245,'Peso Muscular', 2, 600, 'ABC-1234');
INSERT INTO MODALIDADE(ID, NOME, CLASSE) VALUES(1, 'ATLETISMO', 'F13');
INSERT INTO MODALIDADE(ID, NOME, CLASSE) VALUES(2, 'FUTEBOL DE 5', 'B1');
INSERT INTO DELEGACAOMODALIDADE(DELEGACAO, MODALIDADE) VALUES('UK', 1);
INSERT INTO DELEGACAOMODALIDADE(DELEGACAO, MODALIDADE) VALUES('UK', 2);
INSERT INTO MODALIDADEMEMBRO(MODALIDADE, MEMBRO) VALUES(1, 1245);
INSERT INTO MODALIDADEMEMBRO(MODALIDADE, MEMBRO) VALUES(2, 35764);
INSERT INTO REGRAS(MODALIDADE, REGRA) VALUES(2, 'Dois tempos de 25 minutos, sendo os dois ultimos de cada tempo cronometrados e um intervalo de dez minutos');
INSERT INTO REGRAS(MODALIDADE, REGRA) VALUES(2, 'Apos a terceira falta, e cobrado um tiro livre da linha de oito metros ou do local onde foi sofrida a falta.');
INSERT INTO CENTRO_DE_PRATICA(ID, NOME, REGIAO, ENDERECO) VALUES(1,'Sambodromo', 'MARACANA', 'Rua Marquês de Sapucaí');
INSERT INTO CENTRO_DE_PRATICA(ID, NOME, REGIAO, ENDERECO) VALUES(2,'Olympic Training Center', 'BARRA', 'Barra da Tijuca');
INSERT INTO TRANSPORTE_PESSOA(CENTRO_DE_PRATICA, VEICULO, MEMBRO, DATA) VALUES(1, 'DEF-5678', 1245, TO_DATE('03/08/2016', 'dd/mm/yyyy')); --Funcao TO_DATE necessaria para inserir corretamente
INSERT INTO TRANSPORTE_PESSOA(CENTRO_DE_PRATICA, VEICULO, MEMBRO, DATA) VALUES(1, 'DEF-5678', 35764, TO_DATE('18/08/2016', 'dd/mm/yyyy'));
INSERT INTO TRANSPORTE_EQUIP(CENTRO_DE_PRATICA, VEICULO, EQUIPAMENTO, DATA) VALUES(2,'ABC-1234', 1111, TO_DATE('13/08/2016', 'dd/mm/yyyy'));
INSERT INTO TRANSPORTE_EQUIP(CENTRO_DE_PRATICA, VEICULO, EQUIPAMENTO, DATA) VALUES(1,'ABC-1234', 2222, TO_DATE('23/08/2016', 'dd/mm/yyyy'));

